"Message",Low,"正在启动 .NET Native 编译"
"Message",Low,""
"Message",Low,""
"Message",Low,"任务 ""Gatekeeper"""
"Message",Normal,"Launching 'C:\Program Files (x86)\Microsoft SDKs\NuGetPackagesFallback\microsoft.net.native.compiler\1.7.3\tools\x86\ilc\Tools\Gatekeeper.exe @""D:\ProgramData\Visual Studio 2017\FTEReader\FTEReader\obj\x86\Release\ilc\intermediate\gkargs.rsp""'"
"Message",Low,"Microsoft (R) .NET Native ���������汾 1.7.25927.00 "
"Message",Low,"Copyright (C) Microsoft Corporation.  All rights reserved. "
"Message",Low," "
"Message",Low,"���ڼ����򼯡�D:\ProgramData\Visual Studio 2017\FTEReader\FTEReader\obj\x86\Release\ilc\in\FTEReader.exe����  "
"Message",Low,"���ڼ����򼯡�D:\ProgramData\Visual Studio 2017\FTEReader\FTEReader\obj\x86\Release\ilc\in\SQLitePCL.dll����  "
"Message",Low,"���ڼ����򼯡�D:\ProgramData\Visual Studio 2017\FTEReader\FTEReader\obj\x86\Release\ilc\in\SQLitePCL.Ext.dll����  "
"Message",Normal,"'C:\Program Files (x86)\Microsoft SDKs\NuGetPackagesFallback\microsoft.net.native.compiler\1.7.3\tools\x86\ilc\Tools\Gatekeeper.exe @""D:\ProgramData\Visual Studio 2017\FTEReader\FTEReader\obj\x86\Release\ilc\intermediate\gkargs.rsp""' completed."
"Message",Normal,"Process execution statistics (all times in milliseconds)"
"Message",Normal,"-----------------------------------------------------------------------------"
"Message",Normal,"launch  |  start   |   stop   |   end    | duration | lifetime | [slot] name"
"Message",Normal,"-----------------------------------------------------------------------------"
"Message",Normal,"      16 |      484 |     1719 |     1719 |     1235 |     1703 | [0] Gatekeeper"
"Message",Normal,"Number of commands:      1"
"Message",Normal,"Total system time:       1719 ms"
"Message",Normal,"System time per command: 1719 ms"
"Message",Normal,"Total duration:          1235 ms"
"Message",Normal,"Total lifetime:          1703 ms"
"Message",Normal,"Requested DOP:           4"
"Message",Normal,"Duration DOP:            0.7"
"Message",Normal,"Lifetime DOP:            1.0"
"Message",Low,"已完成执行任务 ""Gatekeeper""。"
"Message",Low,"已完成在文件 ""Preparation"" 中生成目标 ""RunGatekeeper""。"
"Message",Low,""
"Message",Low,"任务 ""InjectWindowsRuntimeTypeForwards"""
"Message",Normal,"Running 'InjectWindowsRuntimeTypeForwards' transform, heap at 11 MB."
"Message",Normal,"Running 'WriteAssemblies' transform, heap at 15 MB."
"Message",Normal,""
"Message",Normal,"Transform summary"
"Message",Normal,"    ms | heap delta | name"
"Message",Normal,"   897 |          4 | InjectWindowsRuntimeTypeForwards"
"Message",Normal,"   507 |          2 | WriteAssemblies"
"Message",Low,"已完成执行任务 ""InjectWindowsRuntimeTypeForwards""。"
"Message",Low,"已完成在文件 ""Preparation"" 中生成目标 ""InjectWindowRuntimeTypeForwards""。"
"Message",Low,""
"Message",Low,"任务 ""PreResolveAssemblyClosure"""
"Message",Low,"已完成执行任务 ""PreResolveAssemblyClosure""。"
"Message",Low,"任务 ""PreResolveTransforms"""
"Message",Normal,"Running 'ResolveSelfReferences' transform, heap at 25 MB."
"Message",Normal,"Running 'RemoveDuplicateMembers' transform, heap at 23 MB."
"Message",Normal,"Running 'PortableLib' transform, heap at 23 MB."
"Message",Normal,"Running 'WriteAssemblies' transform, heap at 23 MB."
"Message",Normal,""
"Message",Normal,"Transform summary"
"Message",Normal,"    ms | heap delta | name"
"Message",Normal,"   187 |         -2 | ResolveSelfReferences"
"Message",Normal,"    54 |          0 | PortableLib"
"Message",Normal,"     1 |          0 | RemoveDuplicateMembers"
"Message",Normal,"     0 |          0 | WriteAssemblies"
"Message",Low,"已完成执行任务 ""PreResolveTransforms""。"
"Message",Low,"已完成在文件 ""Preparation"" 中生成目标 ""PreResolveTransforms""。"
"Message",Low,""
"Message",Low,"任务 ""InitialAssemblyClosure"""
"Message",Low,"已完成执行任务 ""InitialAssemblyClosure""。"
"Message",Low,"任务 ""ResolveInitialReferencesAssemblyClosure1"""
"Message",Low,"已完成执行任务 ""ResolveInitialReferencesAssemblyClosure1""。"
"Message",Low,"已完成在文件 ""Preparation"" 中生成目标 ""ResolveInitialReferences""。"
"Message",Low,"已完成生成项目 ""Preparation""。"
"Message",Low,""
"Message",Low,""
"Message",High,"正在处理应用程序代码"
"Message",Low,"任务 ""ValidateSimpleNames"""
"Message",Low,"已完成执行任务 ""ValidateSimpleNames""。"
"Message",Low,"任务 ""McgContractsResolveFilePath"""
"Message",Low,"已完成执行任务 ""McgContractsResolveFilePath""。"
"Message",Low,"任务 ""McgFacadeResolveFilePath"""
"Message",Low,"已完成执行任务 ""McgFacadeResolveFilePath""。"
"Message",Low,"任务 ""FinalAssemblyClosureRootsResolveFilePaths"""
"Message",Low,"已完成执行任务 ""FinalAssemblyClosureRootsResolveFilePaths""。"
"Message",Low,"任务 ""FinalAssemblyClosure"""
"Message",Low,"已完成执行任务 ""FinalAssemblyClosure""。"
"Message",Low,"任务 ""RunILTransforms"""
"Message",Normal,"Running 'Analysis' transform, heap at 42 MB."
"Message",Low,"Loading 82 modules..."
"Message",Normal,"Imported reflection directives from 11 files:"
"Message",Normal,"D:\ProgramData\Visual Studio 2017\FTEReader\FTEReader\obj\x86\Release\ilc\in\Properties\Default.rd.xml"
"Message",Normal,"System.Diagnostics.Tracing 中的嵌入清单: Resources.System.Diagnostics.Tracing.rd.xml"
"Message",Normal,"System.Private.Reflection 中的嵌入清单: System.Private.Reflection.rd.xml"
"Message",Normal,"System.Private.CoreLib 中的嵌入清单: Resources.System.Private.CoreLib.rd.xml"
"Message",Normal,"System.Private.Uri 中的嵌入清单: Resources.System.Private.Uri.rd.xml"
"Message",Normal,"System.Private.Reflection.Core 中的嵌入清单: System.Private.Reflection.Core.rd.xml"
"Message",Normal,"System.Runtime.Serialization.Primitives 中的嵌入清单: System.Runtime.Serialization.Primitives.Resources.System.Runtime.Serialization.Primitives.rd.xml"
"Message",Normal,"System.Private.DataContractSerialization 中的嵌入清单: System.Private.DataContractSerialization.Resources.System.Private.DataContractSerialization.rd.xml"
"Message",Normal,"System.Xml.ReaderWriter 中的嵌入清单: System.Xml.Resources.System.Xml.ReaderWriter.rd.xml"
"Message",Normal,"System.Xml.XmlSerializer 中的嵌入清单: System.Xml.XmlSerializer.Resources.System.Xml.XmlSerializer.rd.xml"
"Message",Normal,"System.Private.Interop 中的嵌入清单: Resources.System.Private.Interop.rd.xml"
"Message",Normal,"Imported XAML Roots from 1 files:"
"Message",Normal,"D:\ProgramData\Visual Studio 2017\FTEReader\FTEReader\obj\x86\Release\ilc\in\FTEReader.xr.xml"
"Message",Normal,"Running 'Mcg' transform, heap at 183 MB."
"Message",High,"Computing application closure and generating interop code"
"Message",Normal,"  .lib 文件列表:"
"Message",Normal,"      WindowsApp.lib"
"Message",Normal,"      winsqlite3.lib"
"Message",Normal,"  .lib 搜索路径列表:"
"Message",Normal,"      C:\Program Files (x86)\Windows Kits\10\lib\10.0.16299.0\um\x86"
"Message",Normal,"  正在从库中加载导出..."
"Message",Normal,"      从“C:\Program Files (x86)\Windows Kits\10\lib\10.0.16299.0\um\x86\WindowsApp.lib”读取的 3117 个导出。"
"Message",Normal,"      从“C:\Program Files (x86)\Windows Kits\10\lib\10.0.16299.0\um\x86\winsqlite3.lib”读取的 238 个导出。"
"Message",High,"  正在加载 82 模块..."
"Message",Normal,"          P/Invoke 'sqlite3_win32_set_directory' resolved to 'sqlite3.dll!sqlite3_win32_set_directory' from 'sqlite3.dll'."
"Message",Normal,"          P/Invoke 'sqlite3_open' resolved to 'sqlite3.dll!sqlite3_open' from 'sqlite3.dll'."
"Message",Normal,"          P/Invoke 'sqlite3_open_v2' resolved to 'sqlite3.dll!sqlite3_open_v2' from 'sqlite3.dll'."
"Message",Normal,"          P/Invoke 'sqlite3_close_v2' resolved to 'sqlite3.dll!sqlite3_close_v2' from 'sqlite3.dll'."
"Message",Normal,"          P/Invoke 'sqlite3_prepare_v2' resolved to 'sqlite3.dll!sqlite3_prepare_v2' from 'sqlite3.dll'."
"Message",Normal,"          P/Invoke 'sqlite3_create_function' resolved to 'sqlite3.dll!sqlite3_create_function' from 'sqlite3.dll'."
"Message",Normal,"          P/Invoke 'sqlite3_create_collation' resolved to 'sqlite3.dll!sqlite3_create_collation' from 'sqlite3.dll'."
"Message",Normal,"          P/Invoke 'sqlite3_last_insert_rowid' resolved to 'sqlite3.dll!sqlite3_last_insert_rowid' from 'sqlite3.dll'."
"Message",Normal,"          P/Invoke 'sqlite3_errmsg' resolved to 'sqlite3.dll!sqlite3_errmsg' from 'sqlite3.dll'."
"Message",Normal,"          P/Invoke 'sqlite3_bind_int' resolved to 'sqlite3.dll!sqlite3_bind_int' from 'sqlite3.dll'."
"Message",Normal,"          P/Invoke 'sqlite3_bind_int64' resolved to 'sqlite3.dll!sqlite3_bind_int64' from 'sqlite3.dll'."
"Message",Normal,"          P/Invoke 'sqlite3_bind_text' resolved to 'sqlite3.dll!sqlite3_bind_text' from 'sqlite3.dll'."
"Message",Normal,"          P/Invoke 'sqlite3_bind_double' resolved to 'sqlite3.dll!sqlite3_bind_double' from 'sqlite3.dll'."
"Message",Normal,"          P/Invoke 'sqlite3_bind_blob' resolved to 'sqlite3.dll!sqlite3_bind_blob' from 'sqlite3.dll'."
"Message",Normal,"          P/Invoke 'sqlite3_bind_null' resolved to 'sqlite3.dll!sqlite3_bind_null' from 'sqlite3.dll'."
"Message",Normal,"          P/Invoke 'sqlite3_bind_parameter_count' resolved to 'sqlite3.dll!sqlite3_bind_parameter_count' from 'sqlite3.dll'."
"Message",Normal,"          P/Invoke 'sqlite3_bind_parameter_name' resolved to 'sqlite3.dll!sqlite3_bind_parameter_name' from 'sqlite3.dll'."
"Message",Normal,"          P/Invoke 'sqlite3_bind_parameter_index' resolved to 'sqlite3.dll!sqlite3_bind_parameter_index' from 'sqlite3.dll'."
"Message",Normal,"          P/Invoke 'sqlite3_step' resolved to 'sqlite3.dll!sqlite3_step' from 'sqlite3.dll'."
"Message",Normal,"          P/Invoke 'sqlite3_column_int' resolved to 'sqlite3.dll!sqlite3_column_int' from 'sqlite3.dll'."
"Message",Normal,"          P/Invoke 'sqlite3_column_int64' resolved to 'sqlite3.dll!sqlite3_column_int64' from 'sqlite3.dll'."
"Message",Normal,"          P/Invoke 'sqlite3_column_text' resolved to 'sqlite3.dll!sqlite3_column_text' from 'sqlite3.dll'."
"Message",Normal,"          P/Invoke 'sqlite3_column_double' resolved to 'sqlite3.dll!sqlite3_column_double' from 'sqlite3.dll'."
"Message",Normal,"          P/Invoke 'sqlite3_column_blob' resolved to 'sqlite3.dll!sqlite3_column_blob' from 'sqlite3.dll'."
"Message",Normal,"          P/Invoke 'sqlite3_column_type' resolved to 'sqlite3.dll!sqlite3_column_type' from 'sqlite3.dll'."
"Message",Normal,"          P/Invoke 'sqlite3_column_bytes' resolved to 'sqlite3.dll!sqlite3_column_bytes' from 'sqlite3.dll'."
"Message",Normal,"          P/Invoke 'sqlite3_column_count' resolved to 'sqlite3.dll!sqlite3_column_count' from 'sqlite3.dll'."
"Message",Normal,"          P/Invoke 'sqlite3_column_name' resolved to 'sqlite3.dll!sqlite3_column_name' from 'sqlite3.dll'."
"Message",Normal,"          P/Invoke 'sqlite3_column_origin_name' resolved to 'sqlite3.dll!sqlite3_column_origin_name' from 'sqlite3.dll'."
"Message",Normal,"          P/Invoke 'sqlite3_column_table_name' resolved to 'sqlite3.dll!sqlite3_column_table_name' from 'sqlite3.dll'."
"Message",Normal,"          P/Invoke 'sqlite3_column_database_name' resolved to 'sqlite3.dll!sqlite3_column_database_name' from 'sqlite3.dll'."
"Message",Normal,"          P/Invoke 'sqlite3_data_count' resolved to 'sqlite3.dll!sqlite3_data_count' from 'sqlite3.dll'."
"Message",Normal,"          P/Invoke 'sqlite3_reset' resolved to 'sqlite3.dll!sqlite3_reset' from 'sqlite3.dll'."
"Message",Normal,"          P/Invoke 'sqlite3_clear_bindings' resolved to 'sqlite3.dll!sqlite3_clear_bindings' from 'sqlite3.dll'."
"Message",Normal,"          P/Invoke 'sqlite3_finalize' resolved to 'sqlite3.dll!sqlite3_finalize' from 'sqlite3.dll'."
"Message",Normal,"          P/Invoke 'sqlite3_value_int' resolved to 'sqlite3.dll!sqlite3_value_int' from 'sqlite3.dll'."
"Message",Normal,"          P/Invoke 'sqlite3_value_int64' resolved to 'sqlite3.dll!sqlite3_value_int64' from 'sqlite3.dll'."
"Message",Normal,"          P/Invoke 'sqlite3_value_text' resolved to 'sqlite3.dll!sqlite3_value_text' from 'sqlite3.dll'."
"Message",Normal,"          P/Invoke 'sqlite3_value_double' resolved to 'sqlite3.dll!sqlite3_value_double' from 'sqlite3.dll'."
"Message",Normal,"          P/Invoke 'sqlite3_value_blob' resolved to 'sqlite3.dll!sqlite3_value_blob' from 'sqlite3.dll'."
"Message",Normal,"          P/Invoke 'sqlite3_value_type' resolved to 'sqlite3.dll!sqlite3_value_type' from 'sqlite3.dll'."
"Message",Normal,"          P/Invoke 'sqlite3_value_bytes' resolved to 'sqlite3.dll!sqlite3_value_bytes' from 'sqlite3.dll'."
"Message",Normal,"          P/Invoke 'sqlite3_result_int' resolved to 'sqlite3.dll!sqlite3_result_int' from 'sqlite3.dll'."
"Message",Normal,"          P/Invoke 'sqlite3_result_int64' resolved to 'sqlite3.dll!sqlite3_result_int64' from 'sqlite3.dll'."
"Message",Normal,"          P/Invoke 'sqlite3_result_text' resolved to 'sqlite3.dll!sqlite3_result_text' from 'sqlite3.dll'."
"Message",Normal,"          P/Invoke 'sqlite3_result_double' resolved to 'sqlite3.dll!sqlite3_result_double' from 'sqlite3.dll'."
"Message",Normal,"          P/Invoke 'sqlite3_result_blob' resolved to 'sqlite3.dll!sqlite3_result_blob' from 'sqlite3.dll'."
"Message",Normal,"          P/Invoke 'sqlite3_result_null' resolved to 'sqlite3.dll!sqlite3_result_null' from 'sqlite3.dll'."
"Message",Normal,"          P/Invoke 'sqlite3_result_error' resolved to 'sqlite3.dll!sqlite3_result_error' from 'sqlite3.dll'."
"Message",Normal,"          P/Invoke 'sqlite3_aggregate_context' resolved to 'sqlite3.dll!sqlite3_aggregate_context' from 'sqlite3.dll'."
"Message",Normal,"          P/Invoke 'sqlite3_changes' resolved to 'sqlite3.dll!sqlite3_changes' from 'sqlite3.dll'."
"Message",Normal,"          P/Invoke 'RhWaitForPendingFinalizers' with [DllImport(ExactSpelling=true)] resolved to '[MRT]!RhWaitForPendingFinalizers'."
"Message",Normal,"          P/Invoke 'RhYield' with [DllImport(ExactSpelling=true)] resolved to '[MRT]!RhYield'."
"Message",Normal,"          P/Invoke 'RhCompatibleReentrantWaitAny' with [DllImport(ExactSpelling=true)] resolved to '[MRT]!RhCompatibleReentrantWaitAny'."
"Message",Normal,"          P/Invoke '_ecvt_s' with [DllImport(ExactSpelling=true)] resolved to '[MRT]!_ecvt_s'."
"Message",Normal,"          P/Invoke 'memmove' with [DllImport(ExactSpelling=true)] resolved to '[MRT]!memmove'."
"Message",Normal,"          P/Invoke 'CallingConventionConverter_GetStubs' with [DllImport(ExactSpelling=true)] resolved to '*!CallingConventionConverter_GetStubs'."
"Message",Normal,"          P/Invoke 'GetLastError' resolved to 'api-ms-win-core-errorhandling-l1-1-0.dll!GetLastError' from 'C:\Program Files (x86)\Windows Kits\10\lib\10.0.16299.0\um\x86\WindowsApp.lib'."
"Message",Normal,"          P/Invoke 'RoInitialize' resolved to 'api-ms-win-core-winrt-l1-1-0.dll!RoInitialize' from 'C:\Program Files (x86)\Windows Kits\10\lib\10.0.16299.0\um\x86\WindowsApp.lib'."
"Message",Normal,"          P/Invoke 'IsValidLocaleName' resolved to 'api-ms-win-core-localization-l1-2-0.dll!IsValidLocaleName' from 'C:\Program Files (x86)\Windows Kits\10\lib\10.0.16299.0\um\x86\WindowsApp.lib'."
"Message",Normal,"          P/Invoke 'ResolveLocaleName' resolved to 'api-ms-win-core-localization-l1-2-0.dll!ResolveLocaleName' from 'C:\Program Files (x86)\Windows Kits\10\lib\10.0.16299.0\um\x86\WindowsApp.lib'."
"Message",Normal,"          P/Invoke 'GetCPInfoExW' resolved to 'api-ms-win-core-localization-l1-2-0.dll!GetCPInfoExW' from 'C:\Program Files (x86)\Windows Kits\10\lib\10.0.16299.0\um\x86\WindowsApp.lib'."
"Message",Normal,"          P/Invoke 'CoCreateInstance' with [DllImport(ExactSpelling=true)] resolved to 'api-ms-win-core-com-l1-1-0.dll!CoCreateInstance'."
"Message",Normal,"          P/Invoke '#6' resolved to 'oleaut32.dll!#6' from 'C:\Program Files (x86)\Windows Kits\10\lib\10.0.16299.0\um\x86\WindowsApp.lib'."
"Message",Normal,"          P/Invoke 'RtlIpv6AddressToStringExW' resolved to 'ntdll.dll!RtlIpv6AddressToStringExW' from 'C:\Program Files (x86)\Windows Kits\10\lib\10.0.16299.0\um\x86\WindowsApp.lib'."
"Message",Normal,"          P/Invoke 'RtlIpv4AddressToStringExW' resolved to 'ntdll.dll!RtlIpv4AddressToStringExW' from 'C:\Program Files (x86)\Windows Kits\10\lib\10.0.16299.0\um\x86\WindowsApp.lib'."
"Message",Normal,"          P/Invoke 'GetFileType' resolved to 'api-ms-win-core-file-l1-1-0.dll!GetFileType' from 'C:\Program Files (x86)\Windows Kits\10\lib\10.0.16299.0\um\x86\WindowsApp.lib'."
"Message",Normal,"          P/Invoke 'RoGetBufferMarshaler' resolved to 'api-ms-win-core-winrt-robuffer-l1-1-0.dll!RoGetBufferMarshaler' from 'C:\Program Files (x86)\Windows Kits\10\lib\10.0.16299.0\um\x86\WindowsApp.lib'."
"Message",Normal,"          P/Invoke 'GetFileInformationByHandleEx' resolved to 'api-ms-win-core-file-l2-1-0.dll!GetFileInformationByHandleEx' from 'C:\Program Files (x86)\Windows Kits\10\lib\10.0.16299.0\um\x86\WindowsApp.lib'."
"Message",Normal,"          P/Invoke 'CreateThreadpoolIo' resolved to 'api-ms-win-core-threadpool-l1-2-0.dll!CreateThreadpoolIo' from 'C:\Program Files (x86)\Windows Kits\10\lib\10.0.16299.0\um\x86\WindowsApp.lib'."
"Message",Normal,"          P/Invoke 'SetFilePointerEx' resolved to 'api-ms-win-core-file-l1-1-0.dll!SetFilePointerEx' from 'C:\Program Files (x86)\Windows Kits\10\lib\10.0.16299.0\um\x86\WindowsApp.lib'."
"Message",Normal,"          P/Invoke 'GetFileAttributesExW' resolved to 'api-ms-win-core-file-l1-1-0.dll!GetFileAttributesExW' from 'C:\Program Files (x86)\Windows Kits\10\lib\10.0.16299.0\um\x86\WindowsApp.lib'."
"Message",Normal,"          P/Invoke 'FindFirstFileExW' resolved to 'api-ms-win-core-file-l1-1-0.dll!FindFirstFileExW' from 'C:\Program Files (x86)\Windows Kits\10\lib\10.0.16299.0\um\x86\WindowsApp.lib'."
"Message",Normal,"          P/Invoke 'SetEndOfFile' resolved to 'api-ms-win-core-file-l1-1-0.dll!SetEndOfFile' from 'C:\Program Files (x86)\Windows Kits\10\lib\10.0.16299.0\um\x86\WindowsApp.lib'."
"Message",Normal,"          P/Invoke 'CreateFile2' resolved to 'api-ms-win-core-file-l1-2-0.dll!CreateFile2' from 'C:\Program Files (x86)\Windows Kits\10\lib\10.0.16299.0\um\x86\WindowsApp.lib'."
"Message",Normal,"          P/Invoke 'CloseHandle' resolved to 'api-ms-win-core-handle-l1-1-0.dll!CloseHandle' from 'C:\Program Files (x86)\Windows Kits\10\lib\10.0.16299.0\um\x86\WindowsApp.lib'."
"Message",Normal,"          P/Invoke 'FindClose' resolved to 'api-ms-win-core-file-l1-1-0.dll!FindClose' from 'C:\Program Files (x86)\Windows Kits\10\lib\10.0.16299.0\um\x86\WindowsApp.lib'."
"Message",Normal,"          P/Invoke 'CloseThreadpoolIo' resolved to 'api-ms-win-core-threadpool-l1-2-0.dll!CloseThreadpoolIo' from 'C:\Program Files (x86)\Windows Kits\10\lib\10.0.16299.0\um\x86\WindowsApp.lib'."
"Message",Normal,"          P/Invoke 'ReadFile' resolved to 'api-ms-win-core-file-l1-1-0.dll!ReadFile' from 'C:\Program Files (x86)\Windows Kits\10\lib\10.0.16299.0\um\x86\WindowsApp.lib'."
"Message",Normal,"          P/Invoke 'ReadFile' resolved to 'api-ms-win-core-file-l1-1-0.dll!ReadFile' from 'C:\Program Files (x86)\Windows Kits\10\lib\10.0.16299.0\um\x86\WindowsApp.lib'."
"Message",Normal,"          P/Invoke 'WriteFile' resolved to 'api-ms-win-core-file-l1-1-0.dll!WriteFile' from 'C:\Program Files (x86)\Windows Kits\10\lib\10.0.16299.0\um\x86\WindowsApp.lib'."
"Message",Normal,"          P/Invoke 'WriteFile' resolved to 'api-ms-win-core-file-l1-1-0.dll!WriteFile' from 'C:\Program Files (x86)\Windows Kits\10\lib\10.0.16299.0\um\x86\WindowsApp.lib'."
"Message",Normal,"          P/Invoke 'FormatMessageW' resolved to 'api-ms-win-core-localization-l1-2-0.dll!FormatMessageW' from 'C:\Program Files (x86)\Windows Kits\10\lib\10.0.16299.0\um\x86\WindowsApp.lib'."
"Message",Normal,"          P/Invoke 'StartThreadpoolIo' resolved to 'api-ms-win-core-threadpool-l1-2-0.dll!StartThreadpoolIo' from 'C:\Program Files (x86)\Windows Kits\10\lib\10.0.16299.0\um\x86\WindowsApp.lib'."
"Message",Normal,"          P/Invoke 'CancelThreadpoolIo' resolved to 'api-ms-win-core-threadpool-l1-2-0.dll!CancelThreadpoolIo' from 'C:\Program Files (x86)\Windows Kits\10\lib\10.0.16299.0\um\x86\WindowsApp.lib'."
"Message",Normal,"          P/Invoke 'CancelIoEx' resolved to 'api-ms-win-core-io-l1-1-0.dll!CancelIoEx' from 'C:\Program Files (x86)\Windows Kits\10\lib\10.0.16299.0\um\x86\WindowsApp.lib'."
"Message",Normal,"          P/Invoke 'FlushFileBuffers' resolved to 'api-ms-win-core-file-l1-1-0.dll!FlushFileBuffers' from 'C:\Program Files (x86)\Windows Kits\10\lib\10.0.16299.0\um\x86\WindowsApp.lib'."
"Message",Normal,"          P/Invoke 'FormatMessageW' resolved to 'api-ms-win-core-localization-l1-2-0.dll!FormatMessageW' from 'C:\Program Files (x86)\Windows Kits\10\lib\10.0.16299.0\um\x86\WindowsApp.lib'."
"Message",High,"  正在生成代码..."
"Message",High,"  生成的互操作代码。"
"Message",Normal,"  将代码写入到 AssemblyInfo.g.cs"
"Message",Normal,"  将代码写入到 Adapters.g.cs"
"Message",Normal,"  将代码写入到 Data.g.cs"
"Message",Normal,"  将代码写入到 Helpers.g.cs"
"Message",Normal,"  将代码写入到 ImplTypes.g.cs"
"Message",Normal,"  将代码写入到 PInvoke.g.cs"
"Message",Normal,"  将代码写入到 SafeTypes.g.cs"
"Message",Normal,"  将代码写入到 SharedStubs.g.cs"
"Message",Normal,"Running 'GenerateCodeAndCompile' transform, heap at 200 MB."
"Message",High,"Generating serialization code"
"Message",High,"Compiling interop code"
"Message",Normal,"Compiling generated source code: C:\Program Files (x86)\Microsoft SDKs\NuGetPackagesFallback\microsoft.net.native.compiler\1.7.3\tools\x86\ilc\csc\csc.exe /noconfig @""D:\ProgramData\Visual Studio 2017\FTEReader\FTEReader\obj\x86\Release\ilc\intermediate\FTEReader.McgInterop.rsp"""
"Message",Normal,"在多个程序集中找到类型“System.Net.Sockets.IPAddressExtensions”。"
"Message",Normal,"file:///D:/ProgramData/Visual Studio 2017/FTEReader/FTEReader/obj/x86/Release/ilc/in/System.Net.NameResolution.dll"
"Message",Normal,"file:///D:/ProgramData/Visual Studio 2017/FTEReader/FTEReader/obj/x86/Release/ilc/in/System.Net.Sockets.dll"
"Message",Normal,"在多个文件夹中找到程序集“System.Runtime.WindowsRuntime.dll”。"
"Message",Normal,"file:///D:/ProgramData/Visual Studio 2017/FTEReader/FTEReader/obj/x86/Release/ilc/intermediate/TransformedSRWR/System.Runtime.WindowsRuntime.dll"
"Message",Normal,"D:\ProgramData\Visual Studio 2017\FTEReader\FTEReader\obj\x86\Release\ilc\in\System.Runtime.WindowsRuntime.dll"
"Message",Normal,"在多个文件夹中找到程序集“FTEReader.exe”。"
"Message",Normal,"file:///D:/ProgramData/Visual Studio 2017/FTEReader/FTEReader/obj/x86/Release/ilc/intermediate/PreMergeILTransformed/FTEReader.exe"
"Message",Normal,"D:\ProgramData\Visual Studio 2017\FTEReader\FTEReader\obj\x86\Release\ilc\in\FTEReader.exe"
"Message",Normal,"在多个文件夹中找到程序集“Microsoft.CSharp.dll”。"
"Message",Normal,"file:///D:/ProgramData/Visual Studio 2017/FTEReader/FTEReader/obj/x86/Release/ilc/in/Microsoft.CSharp.dll"
"Message",Normal,"D:\ProgramData\Visual Studio 2017\FTEReader\FTEReader\obj\x86\Release\ilc\in\Microsoft.CSharp.dll"
"Message",Normal,"在多个文件夹中找到程序集“Microsoft.VisualBasic.dll”。"
"Message",Normal,"file:///D:/ProgramData/Visual Studio 2017/FTEReader/FTEReader/obj/x86/Release/ilc/in/Microsoft.VisualBasic.dll"
"Message",Normal,"D:\ProgramData\Visual Studio 2017\FTEReader\FTEReader\obj\x86\Release\ilc\in\Microsoft.VisualBasic.dll"
"Message",Normal,"在多个文件夹中找到程序集“Microsoft.Win32.Primitives.dll”。"
"Message",Normal,"file:///D:/ProgramData/Visual Studio 2017/FTEReader/FTEReader/obj/x86/Release/ilc/in/Microsoft.Win32.Primitives.dll"
"Message",Normal,"D:\ProgramData\Visual Studio 2017\FTEReader\FTEReader\obj\x86\Release\ilc\in\Microsoft.Win32.Primitives.dll"
"Message",Normal,"在多个文件夹中找到程序集“mscorlib.dll”。"
"Message",Normal,"file:///D:/ProgramData/Visual Studio 2017/FTEReader/FTEReader/obj/x86/Release/ilc/in/mscorlib.dll"
"Message",Normal,"D:\ProgramData\Visual Studio 2017\FTEReader\FTEReader\obj\x86\Release\ilc\in\mscorlib.dll"
"Message",Normal,"在多个文件夹中找到程序集“SQLitePCL.dll”。"
"Message",Normal,"file:///D:/ProgramData/Visual Studio 2017/FTEReader/FTEReader/obj/x86/Release/ilc/in/SQLitePCL.dll"
"Message",Normal,"D:\ProgramData\Visual Studio 2017\FTEReader\FTEReader\obj\x86\Release\ilc\in\SQLitePCL.dll"
"Message",Normal,"在多个文件夹中找到程序集“SQLitePCL.Ext.dll”。"
"Message",Normal,"file:///D:/ProgramData/Visual Studio 2017/FTEReader/FTEReader/obj/x86/Release/ilc/in/SQLitePCL.Ext.dll"
"Message",Normal,"D:\ProgramData\Visual Studio 2017\FTEReader\FTEReader\obj\x86\Release\ilc\in\SQLitePCL.Ext.dll"
"Message",Normal,"在多个文件夹中找到程序集“System.AppContext.dll”。"
"Message",Normal,"file:///D:/ProgramData/Visual Studio 2017/FTEReader/FTEReader/obj/x86/Release/ilc/in/System.AppContext.dll"
"Message",Normal,"D:\ProgramData\Visual Studio 2017\FTEReader\FTEReader\obj\x86\Release\ilc\in\System.AppContext.dll"
"Message",Normal,"在多个文件夹中找到程序集“System.Buffers.dll”。"
"Message",Normal,"file:///D:/ProgramData/Visual Studio 2017/FTEReader/FTEReader/obj/x86/Release/ilc/in/System.Buffers.dll"
"Message",Normal,"D:\ProgramData\Visual Studio 2017\FTEReader\FTEReader\obj\x86\Release\ilc\in\System.Buffers.dll"
"Message",Normal,"在多个文件夹中找到程序集“System.Collections.Concurrent.dll”。"
"Message",Normal,"file:///D:/ProgramData/Visual Studio 2017/FTEReader/FTEReader/obj/x86/Release/ilc/in/System.Collections.Concurrent.dll"
"Message",Normal,"D:\ProgramData\Visual Studio 2017\FTEReader\FTEReader\obj\x86\Release\ilc\in\System.Collections.Concurrent.dll"
"Message",Normal,"在多个文件夹中找到程序集“System.Collections.dll”。"
"Message",Normal,"file:///D:/ProgramData/Visual Studio 2017/FTEReader/FTEReader/obj/x86/Release/ilc/in/System.Collections.dll"
"Message",Normal,"D:\ProgramData\Visual Studio 2017\FTEReader\FTEReader\obj\x86\Release\ilc\in\System.Collections.dll"
"Message",Normal,"在多个文件夹中找到程序集“System.Collections.Immutable.dll”。"
"Message",Normal,"file:///D:/ProgramData/Visual Studio 2017/FTEReader/FTEReader/obj/x86/Release/ilc/in/System.Collections.Immutable.dll"
"Message",Normal,"D:\ProgramData\Visual Studio 2017\FTEReader\FTEReader\obj\x86\Release\ilc\in\System.Collections.Immutable.dll"
"Message",Normal,"在多个文件夹中找到程序集“System.Collections.NonGeneric.dll”。"
"Message",Normal,"file:///D:/ProgramData/Visual Studio 2017/FTEReader/FTEReader/obj/x86/Release/ilc/in/System.Collections.NonGeneric.dll"
"Message",Normal,"D:\ProgramData\Visual Studio 2017\FTEReader\FTEReader\obj\x86\Release\ilc\in\System.Collections.NonGeneric.dll"
"Message",Normal,"在多个文件夹中找到程序集“System.Collections.Specialized.dll”。"
"Message",Normal,"file:///D:/ProgramData/Visual Studio 2017/FTEReader/FTEReader/obj/x86/Release/ilc/in/System.Collections.Specialized.dll"
"Message",Normal,"D:\ProgramData\Visual Studio 2017\FTEReader\FTEReader\obj\x86\Release\ilc\in\System.Collections.Specialized.dll"
"Message",Normal,"在多个文件夹中找到程序集“System.ComponentModel.Annotations.dll”。"
"Message",Normal,"file:///D:/ProgramData/Visual Studio 2017/FTEReader/FTEReader/obj/x86/Release/ilc/in/System.ComponentModel.Annotations.dll"
"Message",Normal,"D:\ProgramData\Visual Studio 2017\FTEReader\FTEReader\obj\x86\Release\ilc\in\System.ComponentModel.Annotations.dll"
"Message",Normal,"在多个文件夹中找到程序集“System.ComponentModel.DataAnnotations.dll”。"
"Message",Normal,"file:///D:/ProgramData/Visual Studio 2017/FTEReader/FTEReader/obj/x86/Release/ilc/in/System.ComponentModel.DataAnnotations.dll"
"Message",Normal,"D:\ProgramData\Visual Studio 2017\FTEReader\FTEReader\obj\x86\Release\ilc\in\System.ComponentModel.DataAnnotations.dll"
"Message",Normal,"在多个文件夹中找到程序集“System.ComponentModel.dll”。"
"Message",Normal,"file:///D:/ProgramData/Visual Studio 2017/FTEReader/FTEReader/obj/x86/Release/ilc/in/System.ComponentModel.dll"
"Message",Normal,"D:\ProgramData\Visual Studio 2017\FTEReader\FTEReader\obj\x86\Release\ilc\in\System.ComponentModel.dll"
"Message",Normal,"在多个文件夹中找到程序集“System.ComponentModel.EventBasedAsync.dll”。"
"Message",Normal,"file:///D:/ProgramData/Visual Studio 2017/FTEReader/FTEReader/obj/x86/Release/ilc/in/System.ComponentModel.EventBasedAsync.dll"
"Message",Normal,"D:\ProgramData\Visual Studio 2017\FTEReader\FTEReader\obj\x86\Release\ilc\in\System.ComponentModel.EventBasedAsync.dll"
"Message",Normal,"在多个文件夹中找到程序集“System.Core.dll”。"
"Message",Normal,"file:///D:/ProgramData/Visual Studio 2017/FTEReader/FTEReader/obj/x86/Release/ilc/in/System.Core.dll"
"Message",Normal,"D:\ProgramData\Visual Studio 2017\FTEReader\FTEReader\obj\x86\Release\ilc\in\System.Core.dll"
"Message",Normal,"在多个文件夹中找到程序集“System.Data.Common.dll”。"
"Message",Normal,"file:///D:/ProgramData/Visual Studio 2017/FTEReader/FTEReader/obj/x86/Release/ilc/in/System.Data.Common.dll"
"Message",Normal,"D:\ProgramData\Visual Studio 2017\FTEReader\FTEReader\obj\x86\Release\ilc\in\System.Data.Common.dll"
"Message",Normal,"在多个文件夹中找到程序集“System.Diagnostics.Contracts.dll”。"
"Message",Normal,"file:///D:/ProgramData/Visual Studio 2017/FTEReader/FTEReader/obj/x86/Release/ilc/in/System.Diagnostics.Contracts.dll"
"Message",Normal,"D:\ProgramData\Visual Studio 2017\FTEReader\FTEReader\obj\x86\Release\ilc\in\System.Diagnostics.Contracts.dll"
"Message",Normal,"在多个文件夹中找到程序集“System.Diagnostics.Debug.dll”。"
"Message",Normal,"file:///D:/ProgramData/Visual Studio 2017/FTEReader/FTEReader/obj/x86/Release/ilc/in/System.Diagnostics.Debug.dll"
"Message",Normal,"D:\ProgramData\Visual Studio 2017\FTEReader\FTEReader\obj\x86\Release\ilc\in\System.Diagnostics.Debug.dll"
"Message",Normal,"在多个文件夹中找到程序集“System.Diagnostics.DiagnosticSource.dll”。"
"Message",Normal,"file:///D:/ProgramData/Visual Studio 2017/FTEReader/FTEReader/obj/x86/Release/ilc/in/System.Diagnostics.DiagnosticSource.dll"
"Message",Normal,"D:\ProgramData\Visual Studio 2017\FTEReader\FTEReader\obj\x86\Release\ilc\in\System.Diagnostics.DiagnosticSource.dll"
"Message",Normal,"在多个文件夹中找到程序集“System.Diagnostics.StackTrace.dll”。"
"Message",Normal,"file:///D:/ProgramData/Visual Studio 2017/FTEReader/FTEReader/obj/x86/Release/ilc/in/System.Diagnostics.StackTrace.dll"
"Message",Normal,"D:\ProgramData\Visual Studio 2017\FTEReader\FTEReader\obj\x86\Release\ilc\in\System.Diagnostics.StackTrace.dll"
"Message",Normal,"在多个文件夹中找到程序集“System.Diagnostics.Tools.dll”。"
"Message",Normal,"file:///D:/ProgramData/Visual Studio 2017/FTEReader/FTEReader/obj/x86/Release/ilc/in/System.Diagnostics.Tools.dll"
"Message",Normal,"D:\ProgramData\Visual Studio 2017\FTEReader\FTEReader\obj\x86\Release\ilc\in\System.Diagnostics.Tools.dll"
"Message",Normal,"在多个文件夹中找到程序集“System.Diagnostics.Tracing.dll”。"
"Message",Normal,"file:///D:/ProgramData/Visual Studio 2017/FTEReader/FTEReader/obj/x86/Release/ilc/in/System.Diagnostics.Tracing.dll"
"Message",Normal,"D:\ProgramData\Visual Studio 2017\FTEReader\FTEReader\obj\x86\Release\ilc\in\System.Diagnostics.Tracing.dll"
"Message",Normal,"在多个文件夹中找到程序集“System.dll”。"
"Message",Normal,"file:///D:/ProgramData/Visual Studio 2017/FTEReader/FTEReader/obj/x86/Release/ilc/in/System.dll"
"Message",Normal,"D:\ProgramData\Visual Studio 2017\FTEReader\FTEReader\obj\x86\Release\ilc\in\System.dll"
"Message",Normal,"在多个文件夹中找到程序集“System.Dynamic.Runtime.dll”。"
"Message",Normal,"file:///D:/ProgramData/Visual Studio 2017/FTEReader/FTEReader/obj/x86/Release/ilc/in/System.Dynamic.Runtime.dll"
"Message",Normal,"D:\ProgramData\Visual Studio 2017\FTEReader\FTEReader\obj\x86\Release\ilc\in\System.Dynamic.Runtime.dll"
"Message",Normal,"在多个文件夹中找到程序集“System.Globalization.Calendars.dll”。"
"Message",Normal,"file:///D:/ProgramData/Visual Studio 2017/FTEReader/FTEReader/obj/x86/Release/ilc/in/System.Globalization.Calendars.dll"
"Message",Normal,"D:\ProgramData\Visual Studio 2017\FTEReader\FTEReader\obj\x86\Release\ilc\in\System.Globalization.Calendars.dll"
"Message",Normal,"在多个文件夹中找到程序集“System.Globalization.dll”。"
"Message",Normal,"file:///D:/ProgramData/Visual Studio 2017/FTEReader/FTEReader/obj/x86/Release/ilc/in/System.Globalization.dll"
"Message",Normal,"D:\ProgramData\Visual Studio 2017\FTEReader\FTEReader\obj\x86\Release\ilc\in\System.Globalization.dll"
"Message",Normal,"在多个文件夹中找到程序集“System.Globalization.Extensions.dll”。"
"Message",Normal,"file:///D:/ProgramData/Visual Studio 2017/FTEReader/FTEReader/obj/x86/Release/ilc/in/System.Globalization.Extensions.dll"
"Message",Normal,"D:\ProgramData\Visual Studio 2017\FTEReader\FTEReader\obj\x86\Release\ilc\in\System.Globalization.Extensions.dll"
"Message",Normal,"在多个文件夹中找到程序集“System.IO.Compression.dll”。"
"Message",Normal,"file:///D:/ProgramData/Visual Studio 2017/FTEReader/FTEReader/obj/x86/Release/ilc/in/System.IO.Compression.dll"
"Message",Normal,"D:\ProgramData\Visual Studio 2017\FTEReader\FTEReader\obj\x86\Release\ilc\in\System.IO.Compression.dll"
"Message",Normal,"在多个文件夹中找到程序集“System.IO.Compression.ZipFile.dll”。"
"Message",Normal,"file:///D:/ProgramData/Visual Studio 2017/FTEReader/FTEReader/obj/x86/Release/ilc/in/System.IO.Compression.ZipFile.dll"
"Message",Normal,"D:\ProgramData\Visual Studio 2017\FTEReader\FTEReader\obj\x86\Release\ilc\in\System.IO.Compression.ZipFile.dll"
"Message",Normal,"在多个文件夹中找到程序集“System.IO.dll”。"
"Message",Normal,"file:///D:/ProgramData/Visual Studio 2017/FTEReader/FTEReader/obj/x86/Release/ilc/in/System.IO.dll"
"Message",Normal,"D:\ProgramData\Visual Studio 2017\FTEReader\FTEReader\obj\x86\Release\ilc\in\System.IO.dll"
"Message",Normal,"在多个文件夹中找到程序集“System.IO.FileSystem.dll”。"
"Message",Normal,"file:///D:/ProgramData/Visual Studio 2017/FTEReader/FTEReader/obj/x86/Release/ilc/in/System.IO.FileSystem.dll"
"Message",Normal,"D:\ProgramData\Visual Studio 2017\FTEReader\FTEReader\obj\x86\Release\ilc\in\System.IO.FileSystem.dll"
"Message",Normal,"在多个文件夹中找到程序集“System.IO.FileSystem.Primitives.dll”。"
"Message",Normal,"file:///D:/ProgramData/Visual Studio 2017/FTEReader/FTEReader/obj/x86/Release/ilc/in/System.IO.FileSystem.Primitives.dll"
"Message",Normal,"D:\ProgramData\Visual Studio 2017\FTEReader\FTEReader\obj\x86\Release\ilc\in\System.IO.FileSystem.Primitives.dll"
"Message",Normal,"在多个文件夹中找到程序集“System.IO.IsolatedStorage.dll”。"
"Message",Normal,"file:///D:/ProgramData/Visual Studio 2017/FTEReader/FTEReader/obj/x86/Release/ilc/in/System.IO.IsolatedStorage.dll"
"Message",Normal,"D:\ProgramData\Visual Studio 2017\FTEReader\FTEReader\obj\x86\Release\ilc\in\System.IO.IsolatedStorage.dll"
"Message",Normal,"在多个文件夹中找到程序集“System.IO.UnmanagedMemoryStream.dll”。"
"Message",Normal,"file:///D:/ProgramData/Visual Studio 2017/FTEReader/FTEReader/obj/x86/Release/ilc/in/System.IO.UnmanagedMemoryStream.dll"
"Message",Normal,"D:\ProgramData\Visual Studio 2017\FTEReader\FTEReader\obj\x86\Release\ilc\in\System.IO.UnmanagedMemoryStream.dll"
"Message",Normal,"在多个文件夹中找到程序集“System.Linq.dll”。"
"Message",Normal,"file:///D:/ProgramData/Visual Studio 2017/FTEReader/FTEReader/obj/x86/Release/ilc/in/System.Linq.dll"
"Message",Normal,"D:\ProgramData\Visual Studio 2017\FTEReader\FTEReader\obj\x86\Release\ilc\in\System.Linq.dll"
"Message",Normal,"在多个文件夹中找到程序集“System.Linq.Expressions.dll”。"
"Message",Normal,"file:///D:/ProgramData/Visual Studio 2017/FTEReader/FTEReader/obj/x86/Release/ilc/in/System.Linq.Expressions.dll"
"Message",Normal,"D:\ProgramData\Visual Studio 2017\FTEReader\FTEReader\obj\x86\Release\ilc\in\System.Linq.Expressions.dll"
"Message",Normal,"在多个文件夹中找到程序集“System.Linq.Parallel.dll”。"
"Message",Normal,"file:///D:/ProgramData/Visual Studio 2017/FTEReader/FTEReader/obj/x86/Release/ilc/in/System.Linq.Parallel.dll"
"Message",Normal,"D:\ProgramData\Visual Studio 2017\FTEReader\FTEReader\obj\x86\Release\ilc\in\System.Linq.Parallel.dll"
"Message",Normal,"在多个文件夹中找到程序集“System.Linq.Queryable.dll”。"
"Message",Normal,"file:///D:/ProgramData/Visual Studio 2017/FTEReader/FTEReader/obj/x86/Release/ilc/in/System.Linq.Queryable.dll"
"Message",Normal,"D:\ProgramData\Visual Studio 2017\FTEReader\FTEReader\obj\x86\Release\ilc\in\System.Linq.Queryable.dll"
"Message",Normal,"在多个文件夹中找到程序集“System.Net.dll”。"
"Message",Normal,"file:///D:/ProgramData/Visual Studio 2017/FTEReader/FTEReader/obj/x86/Release/ilc/in/System.Net.dll"
"Message",Normal,"D:\ProgramData\Visual Studio 2017\FTEReader\FTEReader\obj\x86\Release\ilc\in\System.Net.dll"
"Message",Normal,"在多个文件夹中找到程序集“System.Net.Http.dll”。"
"Message",Normal,"file:///D:/ProgramData/Visual Studio 2017/FTEReader/FTEReader/obj/x86/Release/ilc/in/System.Net.Http.dll"
"Message",Normal,"D:\ProgramData\Visual Studio 2017\FTEReader\FTEReader\obj\x86\Release\ilc\in\System.Net.Http.dll"
"Message",Normal,"在多个文件夹中找到程序集“System.Net.Http.Rtc.dll”。"
"Message",Normal,"file:///D:/ProgramData/Visual Studio 2017/FTEReader/FTEReader/obj/x86/Release/ilc/in/System.Net.Http.Rtc.dll"
"Message",Normal,"D:\ProgramData\Visual Studio 2017\FTEReader\FTEReader\obj\x86\Release\ilc\in\System.Net.Http.Rtc.dll"
"Message",Normal,"在多个文件夹中找到程序集“System.Net.NameResolution.dll”。"
"Message",Normal,"file:///D:/ProgramData/Visual Studio 2017/FTEReader/FTEReader/obj/x86/Release/ilc/in/System.Net.NameResolution.dll"
"Message",Normal,"D:\ProgramData\Visual Studio 2017\FTEReader\FTEReader\obj\x86\Release\ilc\in\System.Net.NameResolution.dll"
"Message",Normal,"在多个文件夹中找到程序集“System.Net.NetworkInformation.dll”。"
"Message",Normal,"file:///D:/ProgramData/Visual Studio 2017/FTEReader/FTEReader/obj/x86/Release/ilc/in/System.Net.NetworkInformation.dll"
"Message",Normal,"D:\ProgramData\Visual Studio 2017\FTEReader\FTEReader\obj\x86\Release\ilc\in\System.Net.NetworkInformation.dll"
"Message",Normal,"在多个文件夹中找到程序集“System.Net.Primitives.dll”。"
"Message",Normal,"file:///D:/ProgramData/Visual Studio 2017/FTEReader/FTEReader/obj/x86/Release/ilc/in/System.Net.Primitives.dll"
"Message",Normal,"D:\ProgramData\Visual Studio 2017\FTEReader\FTEReader\obj\x86\Release\ilc\in\System.Net.Primitives.dll"
"Message",Normal,"在多个文件夹中找到程序集“System.Net.Requests.dll”。"
"Message",Normal,"file:///D:/ProgramData/Visual Studio 2017/FTEReader/FTEReader/obj/x86/Release/ilc/in/System.Net.Requests.dll"
"Message",Normal,"D:\ProgramData\Visual Studio 2017\FTEReader\FTEReader\obj\x86\Release\ilc\in\System.Net.Requests.dll"
"Message",Normal,"在多个文件夹中找到程序集“System.Net.Sockets.dll”。"
"Message",Normal,"file:///D:/ProgramData/Visual Studio 2017/FTEReader/FTEReader/obj/x86/Release/ilc/in/System.Net.Sockets.dll"
"Message",Normal,"D:\ProgramData\Visual Studio 2017\FTEReader\FTEReader\obj\x86\Release\ilc\in\System.Net.Sockets.dll"
"Message",Normal,"在多个文件夹中找到程序集“System.Net.WebHeaderCollection.dll”。"
"Message",Normal,"file:///D:/ProgramData/Visual Studio 2017/FTEReader/FTEReader/obj/x86/Release/ilc/in/System.Net.WebHeaderCollection.dll"
"Message",Normal,"D:\ProgramData\Visual Studio 2017\FTEReader\FTEReader\obj\x86\Release\ilc\in\System.Net.WebHeaderCollection.dll"
"Message",Normal,"在多个文件夹中找到程序集“System.Net.WebSockets.Client.dll”。"
"Message",Normal,"file:///D:/ProgramData/Visual Studio 2017/FTEReader/FTEReader/obj/x86/Release/ilc/in/System.Net.WebSockets.Client.dll"
"Message",Normal,"D:\ProgramData\Visual Studio 2017\FTEReader\FTEReader\obj\x86\Release\ilc\in\System.Net.WebSockets.Client.dll"
"Message",Normal,"在多个文件夹中找到程序集“System.Net.WebSockets.dll”。"
"Message",Normal,"file:///D:/ProgramData/Visual Studio 2017/FTEReader/FTEReader/obj/x86/Release/ilc/in/System.Net.WebSockets.dll"
"Message",Normal,"D:\ProgramData\Visual Studio 2017\FTEReader\FTEReader\obj\x86\Release\ilc\in\System.Net.WebSockets.dll"
"Message",Normal,"在多个文件夹中找到程序集“System.Numerics.dll”。"
"Message",Normal,"file:///D:/ProgramData/Visual Studio 2017/FTEReader/FTEReader/obj/x86/Release/ilc/in/System.Numerics.dll"
"Message",Normal,"D:\ProgramData\Visual Studio 2017\FTEReader\FTEReader\obj\x86\Release\ilc\in\System.Numerics.dll"
"Message",Normal,"在多个文件夹中找到程序集“System.Numerics.Vectors.dll”。"
"Message",Normal,"file:///D:/ProgramData/Visual Studio 2017/FTEReader/FTEReader/obj/x86/Release/ilc/in/System.Numerics.Vectors.dll"
"Message",Normal,"D:\ProgramData\Visual Studio 2017\FTEReader\FTEReader\obj\x86\Release\ilc\in\System.Numerics.Vectors.dll"
"Message",Normal,"在多个文件夹中找到程序集“System.Numerics.Vectors.WindowsRuntime.dll”。"
"Message",Normal,"file:///D:/ProgramData/Visual Studio 2017/FTEReader/FTEReader/obj/x86/Release/ilc/in/System.Numerics.Vectors.WindowsRuntime.dll"
"Message",Normal,"D:\ProgramData\Visual Studio 2017\FTEReader\FTEReader\obj\x86\Release\ilc\in\System.Numerics.Vectors.WindowsRuntime.dll"
"Message",Normal,"在多个文件夹中找到程序集“System.ObjectModel.dll”。"
"Message",Normal,"file:///D:/ProgramData/Visual Studio 2017/FTEReader/FTEReader/obj/x86/Release/ilc/in/System.ObjectModel.dll"
"Message",Normal,"D:\ProgramData\Visual Studio 2017\FTEReader\FTEReader\obj\x86\Release\ilc\in\System.ObjectModel.dll"
"Message",Normal,"在多个文件夹中找到程序集“System.Private.DataContractSerialization.dll”。"
"Message",Normal,"file:///D:/ProgramData/Visual Studio 2017/FTEReader/FTEReader/obj/x86/Release/ilc/in/System.Private.DataContractSerialization.dll"
"Message",Normal,"D:\ProgramData\Visual Studio 2017\FTEReader\FTEReader\obj\x86\Release\ilc\in\System.Private.DataContractSerialization.dll"
"Message",Normal,"在多个文件夹中找到程序集“System.Private.ServiceModel.dll”。"
"Message",Normal,"file:///D:/ProgramData/Visual Studio 2017/FTEReader/FTEReader/obj/x86/Release/ilc/in/System.Private.ServiceModel.dll"
"Message",Normal,"D:\ProgramData\Visual Studio 2017\FTEReader\FTEReader\obj\x86\Release\ilc\in\System.Private.ServiceModel.dll"
"Message",Normal,"在多个文件夹中找到程序集“System.Private.Uri.dll”。"
"Message",Normal,"file:///D:/ProgramData/Visual Studio 2017/FTEReader/FTEReader/obj/x86/Release/ilc/in/System.Private.Uri.dll"
"Message",Normal,"D:\ProgramData\Visual Studio 2017\FTEReader\FTEReader\obj\x86\Release\ilc\in\System.Private.Uri.dll"
"Message",Normal,"在多个文件夹中找到程序集“System.Reflection.Context.dll”。"
"Message",Normal,"file:///D:/ProgramData/Visual Studio 2017/FTEReader/FTEReader/obj/x86/Release/ilc/in/System.Reflection.Context.dll"
"Message",Normal,"D:\ProgramData\Visual Studio 2017\FTEReader\FTEReader\obj\x86\Release\ilc\in\System.Reflection.Context.dll"
"Message",Normal,"在多个文件夹中找到程序集“System.Reflection.DispatchProxy.dll”。"
"Message",Normal,"file:///D:/ProgramData/Visual Studio 2017/FTEReader/FTEReader/obj/x86/Release/ilc/in/System.Reflection.DispatchProxy.dll"
"Message",Normal,"D:\ProgramData\Visual Studio 2017\FTEReader\FTEReader\obj\x86\Release\ilc\in\System.Reflection.DispatchProxy.dll"
"Message",Normal,"在多个文件夹中找到程序集“System.Reflection.dll”。"
"Message",Normal,"file:///D:/ProgramData/Visual Studio 2017/FTEReader/FTEReader/obj/x86/Release/ilc/in/System.Reflection.dll"
"Message",Normal,"D:\ProgramData\Visual Studio 2017\FTEReader\FTEReader\obj\x86\Release\ilc\in\System.Reflection.dll"
"Message",Normal,"在多个文件夹中找到程序集“System.Reflection.Emit.dll”。"
"Message",Normal,"file:///D:/ProgramData/Visual Studio 2017/FTEReader/FTEReader/obj/x86/Release/ilc/in/System.Reflection.Emit.dll"
"Message",Normal,"D:\ProgramData\Visual Studio 2017\FTEReader\FTEReader\obj\x86\Release\ilc\in\System.Reflection.Emit.dll"
"Message",Normal,"在多个文件夹中找到程序集“System.Reflection.Extensions.dll”。"
"Message",Normal,"file:///D:/ProgramData/Visual Studio 2017/FTEReader/FTEReader/obj/x86/Release/ilc/in/System.Reflection.Extensions.dll"
"Message",Normal,"D:\ProgramData\Visual Studio 2017\FTEReader\FTEReader\obj\x86\Release\ilc\in\System.Reflection.Extensions.dll"
"Message",Normal,"在多个文件夹中找到程序集“System.Reflection.Metadata.dll”。"
"Message",Normal,"file:///D:/ProgramData/Visual Studio 2017/FTEReader/FTEReader/obj/x86/Release/ilc/in/System.Reflection.Metadata.dll"
"Message",Normal,"D:\ProgramData\Visual Studio 2017\FTEReader\FTEReader\obj\x86\Release\ilc\in\System.Reflection.Metadata.dll"
"Message",Normal,"在多个文件夹中找到程序集“System.Reflection.Primitives.dll”。"
"Message",Normal,"file:///D:/ProgramData/Visual Studio 2017/FTEReader/FTEReader/obj/x86/Release/ilc/in/System.Reflection.Primitives.dll"
"Message",Normal,"D:\ProgramData\Visual Studio 2017\FTEReader\FTEReader\obj\x86\Release\ilc\in\System.Reflection.Primitives.dll"
"Message",Normal,"在多个文件夹中找到程序集“System.Reflection.TypeExtensions.dll”。"
"Message",Normal,"file:///D:/ProgramData/Visual Studio 2017/FTEReader/FTEReader/obj/x86/Release/ilc/in/System.Reflection.TypeExtensions.dll"
"Message",Normal,"D:\ProgramData\Visual Studio 2017\FTEReader\FTEReader\obj\x86\Release\ilc\in\System.Reflection.TypeExtensions.dll"
"Message",Normal,"在多个文件夹中找到程序集“System.Resources.ResourceManager.dll”。"
"Message",Normal,"file:///D:/ProgramData/Visual Studio 2017/FTEReader/FTEReader/obj/x86/Release/ilc/in/System.Resources.ResourceManager.dll"
"Message",Normal,"D:\ProgramData\Visual Studio 2017\FTEReader\FTEReader\obj\x86\Release\ilc\in\System.Resources.ResourceManager.dll"
"Message",Normal,"在多个文件夹中找到程序集“System.Runtime.dll”。"
"Message",Normal,"file:///D:/ProgramData/Visual Studio 2017/FTEReader/FTEReader/obj/x86/Release/ilc/in/System.Runtime.dll"
"Message",Normal,"D:\ProgramData\Visual Studio 2017\FTEReader\FTEReader\obj\x86\Release\ilc\in\System.Runtime.dll"
"Message",Normal,"在多个文件夹中找到程序集“System.Runtime.Extensions.dll”。"
"Message",Normal,"file:///D:/ProgramData/Visual Studio 2017/FTEReader/FTEReader/obj/x86/Release/ilc/in/System.Runtime.Extensions.dll"
"Message",Normal,"D:\ProgramData\Visual Studio 2017\FTEReader\FTEReader\obj\x86\Release\ilc\in\System.Runtime.Extensions.dll"
"Message",Normal,"在多个文件夹中找到程序集“System.Runtime.Handles.dll”。"
"Message",Normal,"file:///D:/ProgramData/Visual Studio 2017/FTEReader/FTEReader/obj/x86/Release/ilc/in/System.Runtime.Handles.dll"
"Message",Normal,"D:\ProgramData\Visual Studio 2017\FTEReader\FTEReader\obj\x86\Release\ilc\in\System.Runtime.Handles.dll"
"Message",Normal,"在多个文件夹中找到程序集“System.Runtime.InteropServices.dll”。"
"Message",Normal,"file:///D:/ProgramData/Visual Studio 2017/FTEReader/FTEReader/obj/x86/Release/ilc/in/System.Runtime.InteropServices.dll"
"Message",Normal,"D:\ProgramData\Visual Studio 2017\FTEReader\FTEReader\obj\x86\Release\ilc\in\System.Runtime.InteropServices.dll"
"Message",Normal,"在多个文件夹中找到程序集“System.Runtime.InteropServices.WindowsRuntime.dll”。"
"Message",Normal,"file:///D:/ProgramData/Visual Studio 2017/FTEReader/FTEReader/obj/x86/Release/ilc/in/System.Runtime.InteropServices.WindowsRuntime.dll"
"Message",Normal,"D:\ProgramData\Visual Studio 2017\FTEReader\FTEReader\obj\x86\Release\ilc\in\System.Runtime.InteropServices.WindowsRuntime.dll"
"Message",Normal,"在多个文件夹中找到程序集“System.Runtime.Numerics.dll”。"
"Message",Normal,"file:///D:/ProgramData/Visual Studio 2017/FTEReader/FTEReader/obj/x86/Release/ilc/in/System.Runtime.Numerics.dll"
"Message",Normal,"D:\ProgramData\Visual Studio 2017\FTEReader\FTEReader\obj\x86\Release\ilc\in\System.Runtime.Numerics.dll"
"Message",Normal,"在多个文件夹中找到程序集“System.Runtime.Serialization.dll”。"
"Message",Normal,"file:///D:/ProgramData/Visual Studio 2017/FTEReader/FTEReader/obj/x86/Release/ilc/in/System.Runtime.Serialization.dll"
"Message",Normal,"D:\ProgramData\Visual Studio 2017\FTEReader\FTEReader\obj\x86\Release\ilc\in\System.Runtime.Serialization.dll"
"Message",Normal,"在多个文件夹中找到程序集“System.Runtime.Serialization.Json.dll”。"
"Message",Normal,"file:///D:/ProgramData/Visual Studio 2017/FTEReader/FTEReader/obj/x86/Release/ilc/in/System.Runtime.Serialization.Json.dll"
"Message",Normal,"D:\ProgramData\Visual Studio 2017\FTEReader\FTEReader\obj\x86\Release\ilc\in\System.Runtime.Serialization.Json.dll"
"Message",Normal,"在多个文件夹中找到程序集“System.Runtime.Serialization.Primitives.dll”。"
"Message",Normal,"file:///D:/ProgramData/Visual Studio 2017/FTEReader/FTEReader/obj/x86/Release/ilc/in/System.Runtime.Serialization.Primitives.dll"
"Message",Normal,"D:\ProgramData\Visual Studio 2017\FTEReader\FTEReader\obj\x86\Release\ilc\in\System.Runtime.Serialization.Primitives.dll"
"Message",Normal,"在多个文件夹中找到程序集“System.Runtime.Serialization.Xml.dll”。"
"Message",Normal,"file:///D:/ProgramData/Visual Studio 2017/FTEReader/FTEReader/obj/x86/Release/ilc/in/System.Runtime.Serialization.Xml.dll"
"Message",Normal,"D:\ProgramData\Visual Studio 2017\FTEReader\FTEReader\obj\x86\Release\ilc\in\System.Runtime.Serialization.Xml.dll"
"Message",Normal,"在多个文件夹中找到程序集“System.Runtime.WindowsRuntime.dll”。"
"Message",Normal,"file:///D:/ProgramData/Visual Studio 2017/FTEReader/FTEReader/obj/x86/Release/ilc/intermediate/TransformedSRWR/System.Runtime.WindowsRuntime.dll"
"Message",Normal,"D:\ProgramData\Visual Studio 2017\FTEReader\FTEReader\obj\x86\Release\ilc\in\System.Runtime.WindowsRuntime.dll"
"Message",Normal,"在多个文件夹中找到程序集“System.Runtime.WindowsRuntime.UI.Xaml.dll”。"
"Message",Normal,"file:///D:/ProgramData/Visual Studio 2017/FTEReader/FTEReader/obj/x86/Release/ilc/in/System.Runtime.WindowsRuntime.UI.Xaml.dll"
"Message",Normal,"D:\ProgramData\Visual Studio 2017\FTEReader\FTEReader\obj\x86\Release\ilc\in\System.Runtime.WindowsRuntime.UI.Xaml.dll"
"Message",Normal,"在多个文件夹中找到程序集“System.Security.Claims.dll”。"
"Message",Normal,"file:///D:/ProgramData/Visual Studio 2017/FTEReader/FTEReader/obj/x86/Release/ilc/in/System.Security.Claims.dll"
"Message",Normal,"D:\ProgramData\Visual Studio 2017\FTEReader\FTEReader\obj\x86\Release\ilc\in\System.Security.Claims.dll"
"Message",Normal,"在多个文件夹中找到程序集“System.Security.Cryptography.Algorithms.dll”。"
"Message",Normal,"file:///D:/ProgramData/Visual Studio 2017/FTEReader/FTEReader/obj/x86/Release/ilc/in/System.Security.Cryptography.Algorithms.dll"
"Message",Normal,"D:\ProgramData\Visual Studio 2017\FTEReader\FTEReader\obj\x86\Release\ilc\in\System.Security.Cryptography.Algorithms.dll"
"Message",Normal,"在多个文件夹中找到程序集“System.Security.Cryptography.Cng.dll”。"
"Message",Normal,"file:///D:/ProgramData/Visual Studio 2017/FTEReader/FTEReader/obj/x86/Release/ilc/in/System.Security.Cryptography.Cng.dll"
"Message",Normal,"D:\ProgramData\Visual Studio 2017\FTEReader\FTEReader\obj\x86\Release\ilc\in\System.Security.Cryptography.Cng.dll"
"Message",Normal,"在多个文件夹中找到程序集“System.Security.Cryptography.Encoding.dll”。"
"Message",Normal,"file:///D:/ProgramData/Visual Studio 2017/FTEReader/FTEReader/obj/x86/Release/ilc/in/System.Security.Cryptography.Encoding.dll"
"Message",Normal,"D:\ProgramData\Visual Studio 2017\FTEReader\FTEReader\obj\x86\Release\ilc\in\System.Security.Cryptography.Encoding.dll"
"Message",Normal,"在多个文件夹中找到程序集“System.Security.Cryptography.Primitives.dll”。"
"Message",Normal,"file:///D:/ProgramData/Visual Studio 2017/FTEReader/FTEReader/obj/x86/Release/ilc/in/System.Security.Cryptography.Primitives.dll"
"Message",Normal,"D:\ProgramData\Visual Studio 2017\FTEReader\FTEReader\obj\x86\Release\ilc\in\System.Security.Cryptography.Primitives.dll"
"Message",Normal,"在多个文件夹中找到程序集“System.Security.Cryptography.X509Certificates.dll”。"
"Message",Normal,"file:///D:/ProgramData/Visual Studio 2017/FTEReader/FTEReader/obj/x86/Release/ilc/in/System.Security.Cryptography.X509Certificates.dll"
"Message",Normal,"D:\ProgramData\Visual Studio 2017\FTEReader\FTEReader\obj\x86\Release\ilc\in\System.Security.Cryptography.X509Certificates.dll"
"Message",Normal,"在多个文件夹中找到程序集“System.Security.Principal.dll”。"
"Message",Normal,"file:///D:/ProgramData/Visual Studio 2017/FTEReader/FTEReader/obj/x86/Release/ilc/in/System.Security.Principal.dll"
"Message",Normal,"D:\ProgramData\Visual Studio 2017\FTEReader\FTEReader\obj\x86\Release\ilc\in\System.Security.Principal.dll"
"Message",Normal,"在多个文件夹中找到程序集“System.ServiceModel.dll”。"
"Message",Normal,"file:///D:/ProgramData/Visual Studio 2017/FTEReader/FTEReader/obj/x86/Release/ilc/in/System.ServiceModel.dll"
"Message",Normal,"D:\ProgramData\Visual Studio 2017\FTEReader\FTEReader\obj\x86\Release\ilc\in\System.ServiceModel.dll"
"Message",Normal,"在多个文件夹中找到程序集“System.ServiceModel.Duplex.dll”。"
"Message",Normal,"file:///D:/ProgramData/Visual Studio 2017/FTEReader/FTEReader/obj/x86/Release/ilc/in/System.ServiceModel.Duplex.dll"
"Message",Normal,"D:\ProgramData\Visual Studio 2017\FTEReader\FTEReader\obj\x86\Release\ilc\in\System.ServiceModel.Duplex.dll"
"Message",Normal,"在多个文件夹中找到程序集“System.ServiceModel.Http.dll”。"
"Message",Normal,"file:///D:/ProgramData/Visual Studio 2017/FTEReader/FTEReader/obj/x86/Release/ilc/in/System.ServiceModel.Http.dll"
"Message",Normal,"D:\ProgramData\Visual Studio 2017\FTEReader\FTEReader\obj\x86\Release\ilc\in\System.ServiceModel.Http.dll"
"Message",Normal,"在多个文件夹中找到程序集“System.ServiceModel.NetTcp.dll”。"
"Message",Normal,"file:///D:/ProgramData/Visual Studio 2017/FTEReader/FTEReader/obj/x86/Release/ilc/in/System.ServiceModel.NetTcp.dll"
"Message",Normal,"D:\ProgramData\Visual Studio 2017\FTEReader\FTEReader\obj\x86\Release\ilc\in\System.ServiceModel.NetTcp.dll"
"Message",Normal,"在多个文件夹中找到程序集“System.ServiceModel.Primitives.dll”。"
"Message",Normal,"file:///D:/ProgramData/Visual Studio 2017/FTEReader/FTEReader/obj/x86/Release/ilc/in/System.ServiceModel.Primitives.dll"
"Message",Normal,"D:\ProgramData\Visual Studio 2017\FTEReader\FTEReader\obj\x86\Release\ilc\in\System.ServiceModel.Primitives.dll"
"Message",Normal,"在多个文件夹中找到程序集“System.ServiceModel.Security.dll”。"
"Message",Normal,"file:///D:/ProgramData/Visual Studio 2017/FTEReader/FTEReader/obj/x86/Release/ilc/in/System.ServiceModel.Security.dll"
"Message",Normal,"D:\ProgramData\Visual Studio 2017\FTEReader\FTEReader\obj\x86\Release\ilc\in\System.ServiceModel.Security.dll"
"Message",Normal,"在多个文件夹中找到程序集“System.ServiceModel.Web.dll”。"
"Message",Normal,"file:///D:/ProgramData/Visual Studio 2017/FTEReader/FTEReader/obj/x86/Release/ilc/in/System.ServiceModel.Web.dll"
"Message",Normal,"D:\ProgramData\Visual Studio 2017\FTEReader\FTEReader\obj\x86\Release\ilc\in\System.ServiceModel.Web.dll"
"Message",Normal,"在多个文件夹中找到程序集“System.Text.Encoding.CodePages.dll”。"
"Message",Normal,"file:///D:/ProgramData/Visual Studio 2017/FTEReader/FTEReader/obj/x86/Release/ilc/in/System.Text.Encoding.CodePages.dll"
"Message",Normal,"D:\ProgramData\Visual Studio 2017\FTEReader\FTEReader\obj\x86\Release\ilc\in\System.Text.Encoding.CodePages.dll"
"Message",Normal,"在多个文件夹中找到程序集“System.Text.Encoding.dll”。"
"Message",Normal,"file:///D:/ProgramData/Visual Studio 2017/FTEReader/FTEReader/obj/x86/Release/ilc/in/System.Text.Encoding.dll"
"Message",Normal,"D:\ProgramData\Visual Studio 2017\FTEReader\FTEReader\obj\x86\Release\ilc\in\System.Text.Encoding.dll"
"Message",Normal,"在多个文件夹中找到程序集“System.Text.Encoding.Extensions.dll”。"
"Message",Normal,"file:///D:/ProgramData/Visual Studio 2017/FTEReader/FTEReader/obj/x86/Release/ilc/in/System.Text.Encoding.Extensions.dll"
"Message",Normal,"D:\ProgramData\Visual Studio 2017\FTEReader\FTEReader\obj\x86\Release\ilc\in\System.Text.Encoding.Extensions.dll"
"Message",Normal,"在多个文件夹中找到程序集“System.Text.RegularExpressions.dll”。"
"Message",Normal,"file:///D:/ProgramData/Visual Studio 2017/FTEReader/FTEReader/obj/x86/Release/ilc/in/System.Text.RegularExpressions.dll"
"Message",Normal,"D:\ProgramData\Visual Studio 2017\FTEReader\FTEReader\obj\x86\Release\ilc\in\System.Text.RegularExpressions.dll"
"Message",Normal,"在多个文件夹中找到程序集“System.Threading.dll”。"
"Message",Normal,"file:///D:/ProgramData/Visual Studio 2017/FTEReader/FTEReader/obj/x86/Release/ilc/in/System.Threading.dll"
"Message",Normal,"D:\ProgramData\Visual Studio 2017\FTEReader\FTEReader\obj\x86\Release\ilc\in\System.Threading.dll"
"Message",Normal,"在多个文件夹中找到程序集“System.Threading.Overlapped.dll”。"
"Message",Normal,"file:///D:/ProgramData/Visual Studio 2017/FTEReader/FTEReader/obj/x86/Release/ilc/in/System.Threading.Overlapped.dll"
"Message",Normal,"D:\ProgramData\Visual Studio 2017\FTEReader\FTEReader\obj\x86\Release\ilc\in\System.Threading.Overlapped.dll"
"Message",Normal,"在多个文件夹中找到程序集“System.Threading.Tasks.Dataflow.dll”。"
"Message",Normal,"file:///D:/ProgramData/Visual Studio 2017/FTEReader/FTEReader/obj/x86/Release/ilc/in/System.Threading.Tasks.Dataflow.dll"
"Message",Normal,"D:\ProgramData\Visual Studio 2017\FTEReader\FTEReader\obj\x86\Release\ilc\in\System.Threading.Tasks.Dataflow.dll"
"Message",Normal,"在多个文件夹中找到程序集“System.Threading.Tasks.dll”。"
"Message",Normal,"file:///D:/ProgramData/Visual Studio 2017/FTEReader/FTEReader/obj/x86/Release/ilc/in/System.Threading.Tasks.dll"
"Message",Normal,"D:\ProgramData\Visual Studio 2017\FTEReader\FTEReader\obj\x86\Release\ilc\in\System.Threading.Tasks.dll"
"Message",Normal,"在多个文件夹中找到程序集“System.Threading.Tasks.Extensions.dll”。"
"Message",Normal,"file:///D:/ProgramData/Visual Studio 2017/FTEReader/FTEReader/obj/x86/Release/ilc/in/System.Threading.Tasks.Extensions.dll"
"Message",Normal,"D:\ProgramData\Visual Studio 2017\FTEReader\FTEReader\obj\x86\Release\ilc\in\System.Threading.Tasks.Extensions.dll"
"Message",Normal,"在多个文件夹中找到程序集“System.Threading.Tasks.Parallel.dll”。"
"Message",Normal,"file:///D:/ProgramData/Visual Studio 2017/FTEReader/FTEReader/obj/x86/Release/ilc/in/System.Threading.Tasks.Parallel.dll"
"Message",Normal,"D:\ProgramData\Visual Studio 2017\FTEReader\FTEReader\obj\x86\Release\ilc\in\System.Threading.Tasks.Parallel.dll"
"Message",Normal,"在多个文件夹中找到程序集“System.Threading.Timer.dll”。"
"Message",Normal,"file:///D:/ProgramData/Visual Studio 2017/FTEReader/FTEReader/obj/x86/Release/ilc/in/System.Threading.Timer.dll"
"Message",Normal,"D:\ProgramData\Visual Studio 2017\FTEReader\FTEReader\obj\x86\Release\ilc\in\System.Threading.Timer.dll"
"Message",Normal,"在多个文件夹中找到程序集“System.Windows.dll”。"
"Message",Normal,"file:///D:/ProgramData/Visual Studio 2017/FTEReader/FTEReader/obj/x86/Release/ilc/in/System.Windows.dll"
"Message",Normal,"D:\ProgramData\Visual Studio 2017\FTEReader\FTEReader\obj\x86\Release\ilc\in\System.Windows.dll"
"Message",Normal,"在多个文件夹中找到程序集“System.Xml.dll”。"
"Message",Normal,"file:///D:/ProgramData/Visual Studio 2017/FTEReader/FTEReader/obj/x86/Release/ilc/in/System.Xml.dll"
"Message",Normal,"D:\ProgramData\Visual Studio 2017\FTEReader\FTEReader\obj\x86\Release\ilc\in\System.Xml.dll"
"Message",Normal,"在多个文件夹中找到程序集“System.Xml.Linq.dll”。"
"Message",Normal,"file:///D:/ProgramData/Visual Studio 2017/FTEReader/FTEReader/obj/x86/Release/ilc/in/System.Xml.Linq.dll"
"Message",Normal,"D:\ProgramData\Visual Studio 2017\FTEReader\FTEReader\obj\x86\Release\ilc\in\System.Xml.Linq.dll"
"Message",Normal,"在多个文件夹中找到程序集“System.Xml.ReaderWriter.dll”。"
"Message",Normal,"file:///D:/ProgramData/Visual Studio 2017/FTEReader/FTEReader/obj/x86/Release/ilc/in/System.Xml.ReaderWriter.dll"
"Message",Normal,"D:\ProgramData\Visual Studio 2017\FTEReader\FTEReader\obj\x86\Release\ilc\in\System.Xml.ReaderWriter.dll"
"Message",Normal,"在多个文件夹中找到程序集“System.Xml.Serialization.dll”。"
"Message",Normal,"file:///D:/ProgramData/Visual Studio 2017/FTEReader/FTEReader/obj/x86/Release/ilc/in/System.Xml.Serialization.dll"
"Message",Normal,"D:\ProgramData\Visual Studio 2017\FTEReader\FTEReader\obj\x86\Release\ilc\in\System.Xml.Serialization.dll"
"Message",Normal,"在多个文件夹中找到程序集“System.Xml.XDocument.dll”。"
"Message",Normal,"file:///D:/ProgramData/Visual Studio 2017/FTEReader/FTEReader/obj/x86/Release/ilc/in/System.Xml.XDocument.dll"
"Message",Normal,"D:\ProgramData\Visual Studio 2017\FTEReader\FTEReader\obj\x86\Release\ilc\in\System.Xml.XDocument.dll"
"Message",Normal,"在多个文件夹中找到程序集“System.Xml.XmlDocument.dll”。"
"Message",Normal,"file:///D:/ProgramData/Visual Studio 2017/FTEReader/FTEReader/obj/x86/Release/ilc/in/System.Xml.XmlDocument.dll"
"Message",Normal,"D:\ProgramData\Visual Studio 2017\FTEReader\FTEReader\obj\x86\Release\ilc\in\System.Xml.XmlDocument.dll"
"Message",Normal,"在多个文件夹中找到程序集“System.Xml.XmlSerializer.dll”。"
"Message",Normal,"file:///D:/ProgramData/Visual Studio 2017/FTEReader/FTEReader/obj/x86/Release/ilc/in/System.Xml.XmlSerializer.dll"
"Message",Normal,"D:\ProgramData\Visual Studio 2017\FTEReader\FTEReader\obj\x86\Release\ilc\in\System.Xml.XmlSerializer.dll"
"Message",Normal,"在多个文件夹中找到程序集“FTEReader.exe”。"
"Message",Normal,"file:///D:/ProgramData/Visual Studio 2017/FTEReader/FTEReader/obj/x86/Release/ilc/intermediate/PreMergeILTransformed/FTEReader.exe"
"Message",Normal,"D:\ProgramData\Visual Studio 2017\FTEReader\FTEReader\obj\x86\Release\ilc\in\FTEReader.exe"
"Message",Normal,"在多个程序集中找到类型“System.DBNull”。"
"Message",Normal,"file:///D:/ProgramData/Visual Studio 2017/FTEReader/FTEReader/obj/x86/Release/ilc/in/System.Data.Common.dll"
"Message",Normal,"file:///C:/Program Files (x86)/Microsoft SDKs/NuGetPackagesFallback/microsoft.net.native.compiler/1.7.3/tools/x86/ilc/lib/Private/System.Private.Reflection.Core.dll"
"Message",Normal,"在多个程序集中找到类型“System.Reflection.BindingFlags”。"
"Message",Normal,"file:///D:/ProgramData/Visual Studio 2017/FTEReader/FTEReader/obj/x86/Release/ilc/in/System.Reflection.TypeExtensions.dll"
"Message",Normal,"file:///C:/Program Files (x86)/Microsoft SDKs/NuGetPackagesFallback/microsoft.net.native.compiler/1.7.3/tools/x86/ilc/lib/Private/System.Private.Reflection.dll"
"Message",High,"Generating System.Reflection.DispatchProxy proxy code."
"Message",Normal,"Running 'DumpNativeResources' transform, heap at 200 MB."
"Message",Normal,"Running 'ReducedCopyInitialize' transform, heap at 200 MB."
"Message",Normal,"Running 'ReducedCopyEmptyTypes' transform, heap at 225 MB."
"Message",Normal,"Running 'ReducedCopyPopulateTypes' transform, heap at 228 MB."
"Message",Normal,"Running 'ReducedCopyLateMetadata' transform, heap at 157 MB."
"Message",Normal,"Running 'ReducedCopyMethodBodies' transform, heap at 174 MB."
"Message",Normal,"Running 'ReducedCopyComplete' transform, heap at 211 MB."
"Message",Normal,"Running 'ReducedCopyCleanup' transform, heap at 230 MB."
"Message",Normal,"Running 'DeveloperExperienceModeOnlyCodeRemover' transform, heap at 230 MB."
"Message",Normal,"Running 'ComImportDetector' transform, heap at 237 MB."
"Message",Normal,"Running 'McgAccessor' transform, heap at 237 MB."
"Message",Normal,"Running 'McgRedirect' transform, heap at 238 MB."
"Message",Normal,"Running 'McgRedirect' transform, heap at 242 MB."
"Message",Normal,"Running 'McgTypeOf' transform, heap at 243 MB."
"Message",Normal,"Running 'ExceptionMiniaturizer' transform, heap at 249 MB."
"Message",Normal,"Running 'EventSource' transform, heap at 259 MB."
"Message",Normal,"Running 'ValueType' transform, heap at 259 MB."
"Message",Normal,"Running 'Attribute' transform, heap at 259 MB."
"Message",Normal,"Running 'GetType' transform, heap at 259 MB."
"Message",Normal,"Running 'McgFixups' transform, heap at 260 MB."
"Message",Normal,"Running 'ResourceManagerCtor' transform, heap at 261 MB."
"Message",Normal,"Running 'TypeofTypeHandle' transform, heap at 261 MB."
"Message",Normal,"Running 'DispatchProxyIntrinsics' transform, heap at 264 MB."
"Message",Normal,"Running 'StaticInitData' transform, heap at 265 MB."
"Message",Normal,"Running 'StartupCodeInjector' transform, heap at 201 MB."
"Message",Normal,"Running 'InjectAppContextSwitches' transform, heap at 202 MB."
"Message",Normal,"Running 'ImplementLibraryDynamicInvokeHelpers' transform, heap at 202 MB."
"Message",Normal,"Running 'Delegate' transform, heap at 202 MB."
"Message",Normal,"Running 'DelegateCtorCall' transform, heap at 210 MB."
"Message",Normal,"Running 'LazyGenerics' transform, heap at 211 MB."
"Message",Normal,"Running 'AddReflectionBlockedAttributes' transform, heap at 227 MB."
"Message",Normal,"Running 'DisableOptimization' transform, heap at 227 MB."
"Message",Normal,"Running 'CreateMetadata' transform, heap at 227 MB."
"Message",Normal,"Running 'SaveRVAStatics' transform, heap at 240 MB."
"Message",Normal,"Running 'ReflectionInvoke' transform, heap at 242 MB."
"Message",Normal,"Running 'ScrubOpenCalls' transform, heap at 242 MB."
"Message",Normal,"Running 'ConvertCatchIntoFilter' transform, heap at 242 MB."
"Message",Normal,"Running 'ReflectionMappingInfoEmit' transform, heap at 243 MB."
"Message",Normal,"Running 'ConvertManagedWinMD' transform, heap at 243 MB."
"Message",Normal,"Running 'Reducer' transform, heap at 243 MB."
"Message",High,"Cleaning up unreferenced code"
"Message",Normal,"Running 'WriteAssemblies' transform, heap at 238 MB."
"Message",Normal,""
"Message",Normal,"Transform summary"
"Message",Normal,"    ms | heap delta | name"
"Message",Normal," 10744 |          0 | GenerateCodeAndCompile"
"Message",Normal,"  9111 |        141 | Analysis"
"Message",Normal,"  2317 |         17 | Mcg"
"Message",Normal,"  1645 |         -5 | Reducer"
"Message",Normal,"  1421 |        -85 | WriteAssemblies"
"Message",Normal,"  1125 |         25 | ReducedCopyInitialize"
"Message",Normal,"   643 |         13 | CreateMetadata"
"Message",Normal,"   446 |         37 | ReducedCopyMethodBodies"
"Message",Normal,"   385 |        -64 | StaticInitData"
"Message",Normal,"   332 |         19 | ReducedCopyComplete"
"Message",Normal,"   320 |        -71 | ReducedCopyPopulateTypes"
"Message",Normal,"   141 |          6 | McgTypeOf"
"Message",Normal,"   126 |         16 | LazyGenerics"
"Message",Normal,"   125 |         17 | ReducedCopyLateMetadata"
"Message",Normal,"   115 |          4 | McgRedirect"
"Message",Normal,"    75 |          1 | McgRedirect"
"Message",Normal,"    69 |         10 | ExceptionMiniaturizer"
"Message",Normal,"    65 |          8 | Delegate"
"Message",Normal,"    47 |          3 | TypeofTypeHandle"
"Message",Normal,"    38 |          1 | McgAccessor"
"Message",Normal,"    30 |          1 | DelegateCtorCall"
"Message",Normal,"    26 |          3 | ReducedCopyEmptyTypes"
"Message",Normal,"    25 |          1 | McgFixups"
"Message",Normal,"    24 |          2 | SaveRVAStatics"
"Message",Normal,"    14 |          1 | StartupCodeInjector"
"Message",Normal,"    14 |          1 | GetType"
"Message",Normal,"    13 |          0 | DumpNativeResources"
"Message",Normal,"    13 |          0 | ValueType"
"Message",Normal,"    11 |          0 | EventSource"
"Message",Normal,"    11 |          7 | DeveloperExperienceModeOnlyCodeRemover"
"Message",Normal,"    11 |          1 | DispatchProxyIntrinsics"
"Message",Normal,"     9 |          0 | ScrubOpenCalls"
"Message",Normal,"     9 |          0 | ReflectionInvoke"
"Message",Normal,"     8 |          0 | ReducedCopyCleanup"
"Message",Normal,"     8 |          0 | ReflectionMappingInfoEmit"
"Message",Normal,"     6 |          1 | ConvertCatchIntoFilter"
"Message",Normal,"     5 |          0 | Attribute"
"Message",Normal,"     4 |          0 | ResourceManagerCtor"
"Message",Normal,"     1 |          0 | AddReflectionBlockedAttributes"
"Message",Normal,"     1 |          0 | ComImportDetector"
"Message",Normal,"     1 |          0 | DisableOptimization"
"Message",Normal,"     1 |          0 | InjectAppContextSwitches"
"Message",Normal,"     0 |          0 | ImplementLibraryDynamicInvokeHelpers"
"Message",Normal,"     0 |          0 | ConvertManagedWinMD"
"Message",Low,"已完成执行任务 ""RunILTransforms""。"
"Message",Low,"已完成在文件 ""ILTransforms"" 中生成目标 ""RunILTransforms""。"
"Message",Low,"已完成生成项目 ""ILTransforms""。"
"Message",Low,""
"Message",Low,""
"Message",Low,"已完成在文件 ""Nutc"" 中生成目标 ""GenerateMDIL""。"
"Message",Low,""
"Message",High,"正在生成本机代码"
"Message",Low,"已完成在文件 ""Nutc"" 中生成目标 ""MDILPrepareMultiFile""。"
"Message",Low,""
"Message",Low,"已完成在文件 ""Nutc"" 中生成目标 ""SetBinaryForReferences""。"
"Message",Low,""
"Message",Low,"任务 ""GenerateMDILGlobalAnalysis"""
"Message",Normal,"Launching 'C:\Program Files (x86)\Microsoft SDKs\NuGetPackagesFallback\microsoft.net.native.compiler\1.7.3\tools\x86\ilc\Tools\nutc_driver.exe @""D:\ProgramData\Visual Studio 2017\FTEReader\FTEReader\obj\x86\Release\ilc\intermediate\MDIL\FTEReader.rsp""'"
"Message",Low,"Microsoft (R) MDIL Compiler - Version 1.7.25927.00"
"Message",Low,"Copyright (c) Microsoft Corporation.  All rights reserved."
"Message",Low,"正在扫描输入类型"
"Message",Low,"正在扫描 2506 方法。"
"Message",Low,"正在扫描 1934 方法。"
"Message",Low,"正在扫描 964 方法。"
"Message",Low,"正在扫描 512 方法。"
"Message",Low,"正在扫描 3033 方法。"
"Message",Low,"正在扫描 2412 方法。"
"Message",Low,"正在扫描 1349 方法。"
"Message",Low,"正在扫描 1124 方法。"
"Message",Low,"正在扫描 855 方法。"
"Message",Low,"正在扫描 558 方法。"
"Message",Low,"正在扫描 534 方法。"
"Message",Low,"正在扫描 373 方法。"
"Message",Low,"正在扫描 236 方法。"
"Message",Low,"正在扫描 227 方法。"
"Message",Low,"正在扫描 128 方法。"
"Message",Low,"正在扫描 110 方法。"
"Message",Low,"正在扫描 163 方法。"
"Message",Low,"正在扫描 89 方法。"
"Message",Low,"正在扫描 29 方法。"
"Message",Low,"正在扫描 7 方法。"
"Message",Low,"正在扫描 3 方法。"
"Message",Low,"正在扫描 3 方法。"
"Message",Low,"正在扫描 6 方法。"
"Message",Low,"正在扫描 3 方法。"
"Message",Low,"迫切生成代码"
"Message",Low,"正在编译 17158 方法。"
"Message",Low,"延迟生成代码"
"Message",Low,"已成功生成“D:\ProgramData\Visual Studio 2017\FTEReader\FTEReader\obj\x86\Release\ilc\intermediate\MDIL\FTEReader.mdilexe”"
"Message",Low,"已成功生成“D:\ProgramData\Visual Studio 2017\FTEReader\FTEReader\obj\x86\Release\ilc\intermediate\MDIL\FTEReader.mdilpdb”"
"Message",Normal,"'C:\Program Files (x86)\Microsoft SDKs\NuGetPackagesFallback\microsoft.net.native.compiler\1.7.3\tools\x86\ilc\Tools\nutc_driver.exe @""D:\ProgramData\Visual Studio 2017\FTEReader\FTEReader\obj\x86\Release\ilc\intermediate\MDIL\FTEReader.rsp""' completed."
"Message",Normal,"Process execution statistics (all times in milliseconds)"
"Message",Normal,"-----------------------------------------------------------------------------"
"Message",Normal,"launch  |  start   |   stop   |   end    | duration | lifetime | [slot] name"
"Message",Normal,"-----------------------------------------------------------------------------"
"Message",Normal,"       0 |      750 |    21469 |    21469 |    20719 |    21469 | [0] Nutc GlobalAnalysis"
"Message",Normal,"Number of commands:      1"
"Message",Normal,"Total system time:       21469 ms"
"Message",Normal,"System time per command: 21469 ms"
"Message",Normal,"Total duration:          20719 ms"
"Message",Normal,"Total lifetime:          21469 ms"
"Message",Normal,"Requested DOP:           4"
"Message",Normal,"Duration DOP:            1.0"
"Message",Normal,"Lifetime DOP:            1.0"
"Message",Low,"已完成执行任务 ""GenerateMDILGlobalAnalysis""。"
"Message",Low,"已完成在文件 ""Nutc"" 中生成目标 ""GenerateMDILGlobalAnalysis""。"
"Message",Low,""
"Message",Low,"任务 ""rc"""
"Message",Normal,"Launching 'C:\Program Files (x86)\Windows Kits\10\bin\10.0.16299.0\x64\rc.exe /c ""65001"" /r /fo ""D:\ProgramData\Visual Studio 2017\FTEReader\FTEReader\obj\x86\Release\ilc\intermediate\BuildInfo\BuildInfo.res"" ""D:\ProgramData\Visual Studio 2017\FTEReader\FTEReader\obj\x86\Release\ilc\intermediate\BuildInfo\BuildInfo.rc""'"
"Message",Low,"Microsoft (R) Windows (R) Resource Compiler Version 10.0.10011.16384"
"Message",Low,"Copyright (C) Microsoft Corporation.  All rights reserved."
"Message",Normal,"'C:\Program Files (x86)\Windows Kits\10\bin\10.0.16299.0\x64\rc.exe /c ""65001"" /r /fo ""D:\ProgramData\Visual Studio 2017\FTEReader\FTEReader\obj\x86\Release\ilc\intermediate\BuildInfo\BuildInfo.res"" ""D:\ProgramData\Visual Studio 2017\FTEReader\FTEReader\obj\x86\Release\ilc\intermediate\BuildInfo\BuildInfo.rc""' completed."
"Message",Normal,"Process execution statistics (all times in milliseconds)"
"Message",Normal,"-----------------------------------------------------------------------------"
"Message",Normal,"launch  |  start   |   stop   |   end    | duration | lifetime | [slot] name"
"Message",Normal,"-----------------------------------------------------------------------------"
"Message",Normal,"       0 |      688 |      860 |      860 |      172 |      860 | [0] rc"
"Message",Normal,"Number of commands:      1"
"Message",Normal,"Total system time:       860 ms"
"Message",Normal,"System time per command: 860 ms"
"Message",Normal,"Total duration:          172 ms"
"Message",Normal,"Total lifetime:          860 ms"
"Message",Normal,"Requested DOP:           4"
"Message",Normal,"Duration DOP:            0.2"
"Message",Normal,"Lifetime DOP:            1.0"
"Message",Low,"已完成执行任务 ""rc""。"
"Message",Low,"任务 ""ResourceBinaryConcatenate"""
"Message",Normal,"Concatenating into 'D:\ProgramData\Visual Studio 2017\FTEReader\FTEReader\obj\x86\Release\ilc\intermediate\Native.res' with alignment '4'."
"Message",Normal," Added 'D:\ProgramData\Visual Studio 2017\FTEReader\FTEReader\obj\x86\Release\ilc\intermediate\ILTransformed\FTEReader.res' at offset 0."
"Message",Normal," Added 'D:\ProgramData\Visual Studio 2017\FTEReader\FTEReader\obj\x86\Release\ilc\intermediate\BuildInfo\BuildInfo.res' at offset 1384."
"Message",Low,"已完成执行任务 ""ResourceBinaryConcatenate""。"
"Message",Low,"已完成在文件 ""Nutc"" 中生成目标 ""GenerateBuildInfo""。"
"Message",Low,"已完成生成项目 ""Nutc""。"
"Message",Low,""
"Message",Low,""
"Message",Low,"已完成在文件 ""Binder"" 中生成目标 ""MDILBindPrepare""。"
"Message",Low,""
"Message",High,"正在生成本机代码的链接地址信息"
"Message",Low,"任务 ""MDILBind"""
"Message",Normal,"Launching 'C:\Program Files (x86)\Microsoft SDKs\NuGetPackagesFallback\microsoft.net.native.compiler\1.7.3\tools\x86\ilc\Tools\rhbind.exe @""D:\ProgramData\Visual Studio 2017\FTEReader\FTEReader\obj\x86\Release\ilc\intermediate\rhbindargs.FTEReader.rsp""'"
"Message",Low,"操作系统版本: 主版本: 6 次版本: 2"
"Message",Low,"MDIL: D:\ProgramData\Visual Studio 2017\FTEReader\FTEReader\obj\x86\Release\ilc\intermediate\MDIL\FTEReader.mdilexe"
"Message",Low,"MDILPDB: D:\ProgramData\Visual Studio 2017\FTEReader\FTEReader\obj\x86\Release\ilc\intermediate\MDIL\FTEReader.mdilpdb"
"Message",Low,"IL: D:\ProgramData\Visual Studio 2017\FTEReader\FTEReader\obj\x86\Release\ilc\intermediate\MDIL\FTEReader.ilexe"
"Message",Low,"NI: D:\ProgramData\Visual Studio 2017\FTEReader\FTEReader\obj\x86\Release\ilc\intermediate\Native\FTEReader.dll"
"Message",Low,"填充码: D:\ProgramData\Visual Studio 2017\FTEReader\FTEReader\obj\x86\Release\ilc\intermediate\Native\FTEReader.exe"
"Message",Low,"REDHAWK_RUNTIME_DLL_NAME_A=mrt100_app.dll"
"Message",Low,"pdb: D:\ProgramData\Visual Studio 2017\FTEReader\FTEReader\obj\x86\Release\ilc\intermediate\Native\FTEReader.pdb"
"Message",Low,"生成了 D:\ProgramData\Visual Studio 2017\FTEReader\FTEReader\obj\x86\Release\ilc\intermediate\Native\FTEReader.dll (1.356 秒内)"
"Message",Normal,"'C:\Program Files (x86)\Microsoft SDKs\NuGetPackagesFallback\microsoft.net.native.compiler\1.7.3\tools\x86\ilc\Tools\rhbind.exe @""D:\ProgramData\Visual Studio 2017\FTEReader\FTEReader\obj\x86\Release\ilc\intermediate\rhbindargs.FTEReader.rsp""' completed."
"Message",Normal,"Process execution statistics (all times in milliseconds)"
"Message",Normal,"-----------------------------------------------------------------------------"
"Message",Normal,"launch  |  start   |   stop   |   end    | duration | lifetime | [slot] name"
"Message",Normal,"-----------------------------------------------------------------------------"
"Message",Normal,"       0 |      578 |     1953 |     1953 |     1375 |     1953 | [0] rhbind FTEReader"
"Message",Normal,"Number of commands:      1"
"Message",Normal,"Total system time:       1953 ms"
"Message",Normal,"System time per command: 1953 ms"
"Message",Normal,"Total duration:          1375 ms"
"Message",Normal,"Total lifetime:          1953 ms"
"Message",Normal,"Requested DOP:           4"
"Message",Normal,"Duration DOP:            0.7"
"Message",Normal,"Lifetime DOP:            1.0"
"Message",Low,"已完成执行任务 ""MDILBind""。"
"Message",Low,"已完成在文件 ""Binder"" 中生成目标 ""MDILBind""。"
"Message",Low,"已完成生成项目 ""Binder""。"
"Message",Low,""
"Message",Low,""
"Message",Low,"已完成在文件 ""Deployment"" 中生成目标 ""CopyNativeExecutablesToOutput""。"
"Message",Low,""
"Message",Low,"已完成在文件 ""Deployment"" 中生成目标 ""CopyExtractedResourcesToOutput""。"
"Message",Low,""
"Message",Low,"任务 ""TransformAppxManifest"""
"Message",Low,"已完成执行任务 ""TransformAppxManifest""。"
"Message",Low,"已完成在文件 ""Deployment"" 中生成目标 ""TransformAppxManifestAndAddCrt""。"
"Message",Low,""
"Message",Low,"已完成在文件 ""Deployment"" 中生成目标 ""CopyPackageResourceFileInRetailBuild""。"
"Message",Low,"已完成生成项目 ""Deployment""。"
"Message",Low,"编译已完成"
